INSERT INTO "PUBLIC"."COUNTRY" VALUES

(X'1a7e659724e1407a9ed00e5573d6a5f7', 'AF', 'AFG', 'Afghanistan'),

(X'f60a7a74ab5143fe8b2c72ea9cd3975e', 'AL', 'ALB', 'Albania'),

(X'a1708c1b4d024e5bb78c091fdff5a452', 'DZ', 'DZA', 'Algeria'),

(X'a7b0de7c5c904d9f8fac4c10ccf79f4e', 'AD', 'AND', 'Andorra'),

(X'7839501bcc6147b3ba0e8e24f307736b', 'AO', 'AGO', 'Angola'),

(X'cdbd40321b3448598324649823c3008c', 'AI', 'AIA', 'Anguilla'),

(X'83bcb313831448a2a1fb64b0fc33c36c', 'AG', 'ATG', 'Antigua and Barbuda'),

(X'503536508be8436ea99ffa6a6c7e9f6e', 'AR', 'ARG', 'Argentina'),

(X'30dcff364f04473581ee83afd63c2e76', 'AM', 'ARM', 'Armenia'),

(X'7be68db067d84ecb88ab48a5e4e732d4', 'AW', 'ABW', 'Aruba'),

(X'4347ce76e3a74dccbefa69a011fe775c', 'AU', 'AUS', 'Australia'),

(X'0d7406c419464d6392bd5264555bb56f', 'AT', 'AUT', 'Austria'),

(X'518ea83e660948ba872d8fa3f3c60377', 'AZ', 'AZE', 'Azerbaijan'),

(X'91e5f76d27af49b78c0059cc54376bb5', 'BS', 'BHS', 'Bahamas'),

(X'8cfbfe7381b044e2a83d3aeb6721b815', 'BH', 'BHR', 'Bahrain'),

(X'009c105421b9410abe7f622752a1d6d6', 'BD', 'BGD', 'Bangladesh'),

(X'870a2f9c3510422e87d257dea4530d24', 'BB', 'BRB', 'Barbados'),

(X'2bfdb37216b44215ae6dc6d6b5533485', 'BY', 'BLR', 'Belarus'),

(X'ff69f93861b84b8eb29f1e9c9e5fbe11', 'BE', 'BEL', 'Belgium'),

(X'a062aa9d374a440d8ee75f048b62a5e4', 'BZ', 'BLZ', 'Belize'),

(X'0850f52d0d00453ea39dbbc27b907267', 'BJ', 'BEN', 'Benin'),

(X'a80e8363510f4d8293f6e09b036955dd', 'BM', 'BMU', 'Bermuda'),

(X'9d374f1a7bba47e38804cabe978be81b', 'BT', 'BTN', 'Bhutan'),

(X'3b97829e1bc947a7b5b4605e429f9250', 'BA', 'BIH', 'Bosnia and Herzegovina'),

(X'db1356ae41c74b13a18196406f3a22db', 'BW', 'BWA', 'Botswana'),

(X'0abe98ecd69c4aada7db4ed1ec3d9ed1', 'BV', 'BVT', 'Bouvet Island'),

(X'e34d3a563211473dab381702b2fbe524', 'BR', 'BRA', 'Brazil'),

(X'b4b1b0f650d842be850cf7a80ee35ca8', 'IO', 'IOT', 'British Indian Ocean Territory'),

(X'3a83fb925f9e4e10b383035806b55ebf', 'BN', 'BRN', 'Brunei'),

(X'e25bb62e34324fbe82d5b2046df23a4c', 'BG', 'BGR', 'Bulgaria'),

(X'a2670f4f71074de2af38dc96880c330d', 'BF', 'BFA', 'Burkina Faso'),

(X'fd59eee141db4ec689233cc23f789257', 'BI', 'BDI', 'Burundi'),

(X'f6d131020c0b4d87bedf62cc27deb41a', 'KH', 'KHM', 'Cambodia'),

(X'aca20d0140704362966fc7028fb7aadc', 'CM', 'CMR', 'Cameroon'),

(X'6d49090b36ca47e38dc5312a08cae812', 'CA', 'CAN', 'Canada'),

(X'740a4fb6658a42a284fed801959c60ab', 'CV', 'CPV', 'Cape Verde'),

(X'133d66201a70431a99b90c4cd23ebe63', 'KY', 'CYM', 'Cayman Islands'),

(X'3fc486d211bf4e05828a7f6707a3bf77', 'CF', 'CAF', 'Central African Republic'),

(X'2649dd78470d400bb57ea9973a9134e3', 'TD', 'TCD', 'Chad'),

(X'93a5307f626f4f5da4d7c447e99cde09', 'CL', 'CHL', 'Chile'),

(X'073aac58e06748639d49000d27831742', 'CN', 'CHN', 'China'),

(X'c3ad1d85d9c34e6abaccc61434b16c2e', 'CX', 'CXR', 'Christmas Island'),

(X'387bf1d3e75a4af8888ff7e729277cb2', 'CC', 'CCK', 'Cocos (Keeling) Islands'),

(X'640dcc1ef63049129e573e23a2ed8710', 'CO', 'COL', 'Colombia'),

(X'71a1c4037489459b9fd1dad424183ccf', 'KM', 'COM', 'Comoros'),

(X'61077381439e434e8e01a8b30db0cd79', 'CG', 'COG', 'Congo'),

(X'79cec81c77da4bfd9ab8a15355e03f28', 'CK', 'COK', 'Cook Islands'),

(X'f659b03cb1d842c08a7e172b566e5a2d', 'CR', 'CRI', 'Costa Rica'),

(X'dbac29e0d3b24a21b3b3cd98a6bfd5a5', 'HR', 'HRV', 'Croatia'),

(X'dced4e8c4cd245ceb4bd80f8091efe7e', 'CU', 'CUB', 'Cuba'),

(X'403d1c16bd054d83ad3398daa4259f24', 'CY', 'CYP', 'Cyprus'),

(X'409290eeb2c34f29bb63694f57001865', 'CZ', 'CZE', 'Czech Republic'),

(X'699375f3d788488abf77cbb5c2289e6c', 'DK', 'DNK', 'Denmark'),

(X'9ee618da6b324d1d88365e3be0e85f35', 'DJ', 'DJI', 'Djibouti'),

(X'1f21d8656e7841a48f8777a3ba7ad91b', 'DM', 'DMA', 'Dominica'),

(X'b96e5cd8054c4613906d6aa6cefd6ac9', 'DO', 'DOM', 'Dominican Republic'),

(X'e4b8c0c655bb4bd199f6bd3b5323f47a', 'EC', 'ECU', 'Ecuador'),

(X'29f5513f46214167b5e3557908824b52', 'EG', 'EGY', 'Egypt'),

(X'79c699fbdcb84ff98aab1e4739c9fc05', 'SV', 'SLV', 'El Salvador'),

(X'6583dbdfc6264153be4bfd700e9edb4b', 'GQ', 'GNQ', 'Equatorial Guinea'),

(X'aea5ccf4645b4ac7af57e0f1404d23dd', 'ER', 'ERI', 'Eritrea'),

(X'e6c6d4c4e38d4f8f9f9bc699a3684acb', 'EE', 'EST', 'Estonia'),

(X'adde02a52c044e0cb8bdeba59a9c22d3', 'ET', 'ETH', 'Ethiopia'),

(X'24501ab946fd422fb629095977e422dc', 'FK', 'FLK', 'Falkland Islands'),

(X'316526cf5b294313a7309e4b04772eb6', 'FO', 'FRO', 'Faroe Islands'),

(X'bb539ce0c7a84b3e97ab6b57a09e2d91', 'FJ', 'FJI', 'Fiji'),

(X'78022d008d0b4b0db3e423cbf8d3e495', 'FI', 'FIN', 'Finland'),

(X'abb387a633fb4095b689b783f85fb13f', 'FR', 'FRA', 'France'),

(X'e3b1a9a637d949e19c068078e1bdd99c', 'PF', 'PYF', 'French Polynesia'),

(X'f2bd403143594537afa61d27fd64754a', 'GA', 'GAB', 'Gabon'),

(X'c7c7e99e468b411ba5f502710a8bb0d8', 'GM', 'GMB', 'Gambia'),

(X'9ca037df56fd4d8bb64ecb91e052d75f', 'GE', 'GEO', 'Georgia'),

(X'68098e43bc5a40bb9f97b3743deb2963', 'DE', 'DEU', 'Germany'),

(X'd47bf7e7e4ad4e3e8c7e46b4826e6b0d', 'GH', 'GHA', 'Ghana'),

(X'bb7b08d0b38e4447b3e433742c7a8b6a', 'GI', 'GIB', 'Gibraltar'),

(X'5ce25fb0f9cd4de3997a88310fd097c9', 'GR', 'GRC', 'Greece'),

(X'254ea30bfb9f446ab9df2b927f9ff6b5', 'GL', 'GRL', 'Greenland'),

(X'9976bbb619f44adb95e1d9215e435c56', 'GD', 'GRD', 'Grenada'),

(X'751bc947b44c4a5e9a85d523142d8d4d', 'GP', 'GLP', 'Guadeloupe'),

(X'c3e6e40f1b474e90ac411e3b9c9ebd90', 'GU', 'GUM', 'Guam'),

(X'fd024b94ddeb4539ac65a4342742e8f3', 'GT', 'GTM', 'Guatemala'),

(X'7d7c0c10a9f4488e96d423d052c2723f', 'GG', 'GGY', 'Guernsey'),

(X'e517e0793f134da098bf0cb553ad492f', 'GN', 'GIN', 'Guinea'),

(X'59a7f7c8ac63478d9dda02d92a537b61', 'GW', 'GNB', 'Guinea-Bissau'),

(X'1d0e34c0538b4da691a43eec0e6ec382', 'GY', 'GUY', 'Guyana'),

(X'f433764b30f04d02a402a310a4574cb1', 'HT', 'HTI', 'Haiti'),

(X'5c269e39208e4322955ebcfe744a7d1d', 'HM', 'HMD', 'Heard Island and McDonald Islands'),

(X'ae3de7c94004444796e881532918fad7', 'VA', 'VAT', 'Vatican City State (Holy See)'),

(X'7663f28a57ca4fe6837d4ae8e128725e', 'HN', 'HND', 'Honduras'),

(X'c9555255d396412b894f65ac7f40d02c', 'HK', 'HKG', 'Hong Kong'),

(X'cf25835d699a4bdb980c54ba1d0cde26', 'HU', 'HUN', 'Hungary'),

(X'4ec442808ff0415c99ed2f62915a109e', 'IS', 'ISL', 'Iceland'),

(X'9ba825d71d0c4d94903ff3fbbd2cec25', 'IN', 'IND', 'India'),

(X'e728bc9575a04d81b2612f019f8092b9', 'ID', 'IDN', 'Indonesia'),

(X'a42c6902d8fb4e98aebbfbf08d33ea05', 'IR', 'IRN', 'Iran'),

(X'7889a15c65fd46a48d59ae77a649bb59', 'IQ', 'IRQ', 'Iraq'),

(X'6ee83dc7866b459f93dfc65c41439f2d', 'IE', 'IRL', 'Ireland'),

(X'4af0918d351a44ecbf4d2bfcad6bb538', 'IM', 'IMN', 'Isle of Man'),

(X'de65eef332fa410ab90537499a36dd68', 'IL', 'ISR', 'Israel'),

(X'446337443b8d410993b4537f8a00cc59', 'IT', 'ITA', 'Italy'),

(X'adbabfb235124fc3943bedffeb537307', 'JM', 'JAM', 'Jamaica'),

(X'40e2c53631c54e5daac83619bf99a1b2', 'JP', 'JPN', 'Japan'),

(X'610fb148d1984a45bf07343a63da76a3', 'JE', 'JEY', 'Jersey'),

(X'78b3ff97d57045ad9843c6fb2f2ca820', 'JO', 'JOR', 'Jordan'),

(X'7d6b80ff304f4d8f941936647359f588', 'KZ', 'KAZ', 'Kazakhstan'),

(X'fec677e21d4c4aa4ac238939eb3b9ab1', 'KE', 'KEN', 'Kenya'),

(X'fc28dfbb8af2443c9947a159afc9f623', 'KI', 'KIR', 'Kiribati'),

(X'ce1bec8bda514b0f9ea460e5c31dab40', 'KW', 'KWT', 'Kuwait'),

(X'4b45ac7554764134b9333b98711e31fe', 'KG', 'KGZ', 'Kyrgyzstan'),

(X'9a5b14626ea540298be62306a400864a', 'LA', 'LAO', 'Laos'),

(X'f578ee6c36384a9191e85e9918e6f6aa', 'LV', 'LVA', 'Latvia'),

(X'43b848d2ee6648db8bbeb8eeb396e130', 'LB', 'LBN', 'Lebanon'),

(X'95c98e5fe7614e28a3e8698f3cf39f19', 'LS', 'LSO', 'Lesotho'),

(X'ed6c295f6bb145a58f78a4610f42b638', 'LR', 'LBR', 'Liberia'),

(X'4369948cbfb44979ab67d5a9a144da49', 'LI', 'LIE', 'Liechtenstein'),

(X'364474fa0fb54adb9dcef2d577d411bd', 'LT', 'LTU', 'Lithuania'),

(X'0d4c554aae3848f4a2969dd4e245a4e0', 'LU', 'LUX', 'Luxembourg'),

(X'05393e2251ed4d83a423fb30a84477ed', 'MO', 'MAC', 'Macau'),

(X'c03833f4d257468bb77641d15c6c6c04', 'MG', 'MDG', 'Madagascar'),

(X'1496706b4e66410784a218af49126996', 'MW', 'MWI', 'Malawi'),

(X'24275b50c7f1417c8dc98bec8927bebb', 'MY', 'MYS', 'Malaysia'),

(X'2f79e5d081d04ac49b8f4d8a1e5d8349', 'MV', 'MDV', 'Maldives'),

(X'844648eeee874b90a72edf6a4cdb5861', 'ML', 'MLI', 'Mali'),

(X'dd0f7cc9ec8c4c6f87267fc88be4b9e4', 'MT', 'MLT', 'Malta'),

(X'16e2e07c85a64500af40743adcbfd4d6', 'MH', 'MHL', 'Marshall Islands'),

(X'b9992264a18d43319f43548eb78532ae', 'MQ', 'MTQ', 'Martinique'),

(X'304a989c7da04b57a63e324c3a4e7937', 'MR', 'MRT', 'Mauritania'),

(X'd882b886c2244f7eba2e232395720114', 'MU', 'MUS', 'Mauritius'),

(X'6ab92d258f8a42a7a5f5ff4fcc42c9e8', 'YT', 'MYT', 'Mayotte'),

(X'01c2fa80e74d408e8bbc7bf1496d8f10', 'MX', 'MEX', 'Mexico'),

(X'99d5f34bf0fa49deb01812c0ed8d536c', 'MC', 'MCO', 'Monaco'),

(X'4614286429ed4227872a807b4abd8b00', 'MN', 'MNG', 'Mongolia'),

(X'ee255fb5e8db40b4b76ade3ff4b31bf9', 'ME', 'MNE', 'Montenegro'),

(X'd879e98616f54fdf992cf9cf0da4070e', 'MS', 'MSR', 'Montserrat'),

(X'cc86dfd7a6884311a14920c0d622ea19', 'MA', 'MAR', 'Morocco'),

(X'f7c55f1a923d4f1181df0bce6bad56b7', 'MZ', 'MOZ', 'Mozambique'),

(X'1cd27f2692104c709a3c0fc50628b1f3', 'MM', 'MMR', 'Myanmar'),

(X'11a2cc30a30840a08f8ccfeee1aacdf3', 'NA', 'NAM', 'Namibia'),

(X'74ad47135d054db5992f27e989ea8252', 'NR', 'NRU', 'Nauru'),

(X'161788dc005f4c019d4d30cec269114b', 'NP', 'NPL', 'Nepal'),

(X'aa16326a5a434612b4fe15755085522f', 'NL', 'NLD', 'Netherlands'),

(X'a104d68b63ae42a99d73bdc252e38351', 'NC', 'NCL', 'New Caledonia'),

(X'99162eb2dd4648abb1c7b76c6ad8d614', 'NZ', 'NZL', 'New Zealand'),

(X'0cb44256664c4576b82d0531de4f44f4', 'NI', 'NIC', 'Nicaragua'),

(X'cf4fc61dbb384a50b70a842447c376af', 'NE', 'NER', 'Niger'),

(X'7bcf0a53ab224dddb05ad2379181e4bd', 'NG', 'NGA', 'Nigeria'),

(X'458344dad66e44abb57ecc0266c85f15', 'NU', 'NIU', 'Niue'),

(X'e27d441588b44e098fdfcbada5ce8e16', 'NF', 'NFK', 'Norfolk Island'),

(X'162f38733a864f169a2bf09c554cb8ef', 'MP', 'MNP', 'Northern Mariana Islands'),

(X'c28cef194a2c4ed29ec98d3fb96860a0', 'NO', 'NOR', 'Norway'),

(X'7a3dc7ec08b44c3cb654fa0ac12a7b83', 'OM', 'OMN', 'Oman'),

(X'1f096705bb0d4e4bad5957d0e35ad67c', 'PK', 'PAK', 'Pakistan'),

(X'56ebcce8794f46cc831eb9349ca27f4d', 'PW', 'PLW', 'Palau'),

(X'634841fb23e647629bfa4fc50083334c', 'PA', 'PAN', 'Panama'),

(X'2ea45bf40a814182b5f1b7111f144941', 'PG', 'PNG', 'Papua New Guinea'),

(X'13311b3c8d394b4ab00e984ede343448', 'PY', 'PRY', 'Paraguay'),

(X'e436ed2a1af84eb18fe8a1828b40b65e', 'PE', 'PER', 'Peru'),

(X'91f6907ed3784e1bbfc44f0f443664f7', 'PH', 'PHL', 'Philippines'),

(X'9396acd09c9d4b32b3ffbc734ec0563b', 'PN', 'PCN', 'Pitcairn'),

(X'e31a2e1c1102480bb13c00a601c10441', 'PL', 'POL', 'Poland'),

(X'84fd4c8f9a53458395fbb21860334eb2', 'PT', 'PRT', 'Portugal'),

(X'811dfd5c9e8b4e15887720027646760c', 'PR', 'PRI', 'Puerto Rico'),

(X'0c09961217464728aa6875e0870174b2', 'QA', 'QAT', 'Qatar'),

(X'5566120f82c1476780d23011e0b5220a', 'RE', 'REU', U&'R\00e9union'),

(X'a5b2b3f6dd0e4377bcda2c0634ec8638', 'RO', 'ROU', 'Romania'),

(X'23a1c335ab294cd1afc240ba8e33c35a', 'RW', 'RWA', 'Rwanda'),

(X'0170c2d8105f4471b21f2719c932dda2', 'KN', 'KNA', 'Saint Kitts and Nevis'),

(X'9dff4aa855cc4d50a63b3fd1dab11c2e', 'LC', 'LCA', 'Saint Lucia'),

(X'd0192685a7034a4c87353e0f1c85b6b1', 'PM', 'SPM', 'Saint Pierre and Miquelon'),

(X'55656c44387b445b8e13488168641bd2', 'VC', 'VCT', 'Saint Vincent and the Grenadines'),

(X'bf29125cb23c44d8a3e9f4cbf727fa59', 'WS', 'WSM', 'Samoa'),

(X'5fcecb8cfce346de8966e205dc503dab', 'SM', 'SMR', 'San Marino'),

(X'aa996feb0519444fa49e6bc8c1b7421a', 'ST', 'STP', 'Sao Tome and Principe'),

(X'2224ded8d31f4bc090c4511eafda5a42', 'SA', 'SAU', 'Saudi Arabia'),

(X'335bf926e816410895ee34708813fd91', 'SN', 'SEN', 'Senegal'),

(X'fba8eacc3dfb4380bc626473c246df46', 'RS', 'SRB', 'Serbia'),

(X'01d49ec29ad44c028dccf6d873db3fc8', 'SC', 'SYC', 'Seychelles'),

(X'de016421f63a4cdf8ed7864477319ade', 'SL', 'SLE', 'Sierra Leone'),

(X'394919d520d349378a9de1affcb36371', 'SG', 'SGP', 'Singapore'),

(X'6adc66aec5e543fd9e97857e49df5adc', 'SK', 'SVK', 'Slovakia'),

(X'fadb48e391bf4396a32afd8476c6b731', 'SI', 'SVN', 'Slovenia'),

(X'50f0776a2070406283defa3ac3eb0736', 'SB', 'SLB', 'Solomon Islands'),

(X'a207ec3f89294c2394a947931d070633', 'SO', 'SOM', 'Somalia'),

(X'45c47ae735744bc3903fb3ece21df063', 'ZA', 'ZAF', 'South Africa'),

(X'4da8cbf18b824ba8824792d6061fac1c', 'GS', 'SGS', 'South Georgia and the South Sandwich Islands'),

(X'0564fc4a5d044461ba3b50809eae32eb', 'ES', 'ESP', 'Spain'),

(X'0ce8192b3eec4c45872cad3098c5ab39', 'LK', 'LKA', 'Sri Lanka'),

(X'220721c106df475e8eb3473db62ecb15', 'SD', 'SDN', 'Sudan'),

(X'1bd50c33c30d4858b937f5e37e5e69ca', 'SR', 'SUR', 'Suriname'),

(X'7599b56e0c5a4eb0a89266e651bce4ef', 'SZ', 'SWZ', 'Swaziland'),

(X'f6e93f9247ad4d23aa9979da5161d761', 'SE', 'SWE', 'Sweden'),

(X'0e87a0c0ec294a08925bb5282f08664c', 'CH', 'CHE', 'Switzerland'),

(X'fce0c83e4cd3495a950edd6e96a9d9e3', 'SY', 'SYR', 'Syria'),

(X'ec05299f734445328aeee7639f4d5c19', 'TW', 'TWN', 'Taiwan'),

(X'4001b2e0c2514a78931fc79a216a686a', 'TJ', 'TJK', 'Tajikistan'),

(X'1a991c01ea544026bf6cdea68d790133', 'TH', 'THA', 'Thailand'),

(X'66e50e6391984e74871fecf98ca46ed6', 'TL', 'TLS', 'Timor-Leste'),

(X'28ad4a6bdc1d4c859385db6a785717a3', 'TG', 'TGO', 'Togo'),

(X'5878d2117ddf4849866e224f9a3861b0', 'TK', 'TKL', 'Tokelau'),

(X'74f3e32b400b49618e457853365e111b', 'TO', 'TON', 'Tonga'),

(X'8a371fc848434a66ba52ef1b68b9991a', 'TT', 'TTO', 'Trinidad and Tobago'),

(X'4de7c15ddd9845daaa3b72f1915ec35f', 'TN', 'TUN', 'Tunisia'),

(X'c17aaef20d5345f08a20206e9aacec73', 'TR', 'TUR', 'Turkey'),

(X'b526c44dba574b6f9368c2d381483e5b', 'TM', 'TKM', 'Turkmenistan'),

(X'a7698da747644589b70d14fc43bad9e7', 'TC', 'TCA', 'Turks and Caicos Islands'),

(X'f3207cadc0de4929b997ca9cfd62dfed', 'TV', 'TUV', 'Tuvalu'),

(X'ad7c0c1bc412411b8a554d8d222befea', 'UG', 'UGA', 'Uganda'),

(X'd000950e0d5d48158de18bce645ddddc', 'UA', 'UKR', 'Ukraine'),

(X'007e0def574d4231a90c697889570855', 'AE', 'ARE', 'United Arab Emirates'),

(X'72d3d6d31cf1443584a033743c1d0d3f', 'GB', 'GBR', 'United Kingdom'),

(X'f02a5db07ae14fc48849e098251a8dc3', 'US', 'USA', 'United States'),

(X'e6c27c28704e4b21adb6796732deb3c3', 'UM', 'UMI', 'United States Minor Outlying Islands'),

(X'9da1b024a41241659fdf2b3207ddcac1', 'UY', 'URY', 'Uruguay'),

(X'5829fc19fa994b32b8babe179640eb34', 'UZ', 'UZB', 'Uzbekistan'),

(X'91d21321c81e475ea0651e71efbf87d1', 'VU', 'VUT', 'Vanuatu'),

(X'e072a95f9ba64058b1ca12e9fe953ecf', 'VN', 'VNM', 'Vietnam'),

(X'25f4686e5ff649d3bb5853c076fe4828', 'WF', 'WLF', 'Wallis and Futuna'),

(X'0878518da23d45a691d24a94649f433c', 'YE', 'YEM', 'Yemen'),

(X'4de112ff7fd847f8bed727df67268da4', 'ZM', 'ZMB', 'Zambia'),

(X'efc2d21312464fad94bc00faa45e4a7d', 'ZW', 'ZWE', 'Zimbabwe');


INSERT INTO "PUBLIC"."AIRPORT" VALUES

(X'3dbc4cdd2c244930bc654d2001943d9f', TIMESTAMP '2022-06-09 09:02:14.329367', 'ISL', 'LTBA', 'Istanbul Atatuerk Airport', X'c17aaef20d5345f08a20206e9aacec73'),

(X'9fdafcfb4395416b9187fdb7b2e7c0d2', TIMESTAMP '2022-06-09 09:02:14.330371', 'ADB', 'LTBJ', 'Izmir Adnan Menderes International Airport', X'c17aaef20d5345f08a20206e9aacec73'),

(X'50bdcd738173460a88710872d7275f9a', TIMESTAMP '2022-06-09 09:02:14.330371', 'ESB', 'LTAC', 'Ankara Esenboga International Airport', X'c17aaef20d5345f08a20206e9aacec73'),

(X'b29c3a311a9641fcb3efc7985e520d37', TIMESTAMP '2022-06-09 09:02:14.330371', 'BJV', 'LTFE', 'Bodrum Milas Airport', X'c17aaef20d5345f08a20206e9aacec73'),

(X'4a7792562fd543a58646da22afc343e7', TIMESTAMP '2022-06-09 09:02:14.330371', 'AYT', 'LTAI', 'Antalya Airport', X'c17aaef20d5345f08a20206e9aacec73'),

(X'9a3c8e42cdb94ed591641938cac71920', TIMESTAMP '2022-06-09 09:02:14.330371', 'IST', 'LTFM', 'Istanbul Airport', X'c17aaef20d5345f08a20206e9aacec73'),

(X'c029953ddc3a4e72b685aab4211a9ab0', TIMESTAMP '2022-06-09 09:02:14.330371', 'SAW', 'LTFJ', 'Sabiha Goekcen International Airport', X'c17aaef20d5345f08a20206e9aacec73'),

(X'e9ac6638f24d4c088d44ddf2f4ae89b8', TIMESTAMP '2022-06-09 09:02:14.330371', 'DLM', 'LTBS', 'Dalaman Airport', X'c17aaef20d5345f08a20206e9aacec73'),

(X'10fca35cb1de4a53a9de59c3e67b1d51', TIMESTAMP '2022-06-09 09:02:14.330371', 'SZF', 'LTFH', 'Samsun-Carsamba Airport', X'c17aaef20d5345f08a20206e9aacec73'),

(X'e7c9df7f4cd6402cae8bcbd19cdb8927', TIMESTAMP '2022-06-09 09:02:14.330371', 'ADA', 'LTAF', 'Adana Sakirpasa Airport', X'c17aaef20d5345f08a20206e9aacec73'),

(X'7054928c857446e8b79d6ff1f7539c2e', TIMESTAMP '2022-06-09 09:02:14.331366', 'DNZ', 'LTAY', 'Denizli Cardak Airport', X'c17aaef20d5345f08a20206e9aacec73'),

(X'b2b8e20580974db98969fb8dbffad2f9', TIMESTAMP '2022-06-09 09:02:14.331366', 'ERZ', 'LTCE', 'Erzurum Airport', X'c17aaef20d5345f08a20206e9aacec73'),

(X'79025720b5af4b029b732c44972ba21c', TIMESTAMP '2022-06-09 09:02:14.331366', 'GZT', 'LTAJ', 'Gaziantep Oguzeli International Airport', X'c17aaef20d5345f08a20206e9aacec73'),

(X'cc550b85f3544919b8c008d3d3f0405e', TIMESTAMP '2022-06-09 09:02:14.331366', 'KSY', 'LTCF', 'Kars Airport', X'c17aaef20d5345f08a20206e9aacec73'),

(X'3ac5f5117a7d42c588dcd2887c56e195', TIMESTAMP '2022-06-09 09:02:14.332365', 'ASR', 'LTAU', 'Kayseri Erkilet Airport', X'c17aaef20d5345f08a20206e9aacec73'),

(X'871d7673a04f4c0296b31a79cef17acd', TIMESTAMP '2022-06-09 09:02:14.334348', 'KYA', 'LTAN', 'Konya Airport', X'c17aaef20d5345f08a20206e9aacec73'),

(X'06ee67066929431a8d6ce2e3fe998671', TIMESTAMP '2022-06-09 09:02:14.335347', 'TZX', 'LTCG', 'Trabzon Airport', X'c17aaef20d5345f08a20206e9aacec73'),

(X'8ec02587a571402abf6c24ff848395eb', TIMESTAMP '2022-06-09 09:02:14.335347', 'VAN', 'LTCI', 'Van Ferit Melen Airport', X'c17aaef20d5345f08a20206e9aacec73'),

(X'5ff7f3a8c2594c4fab6a866d558d0a36', TIMESTAMP '2022-06-09 09:02:14.335347', 'AOE', 'LTBY', 'Anadolu Airport', X'c17aaef20d5345f08a20206e9aacec73'),

(X'a54b9771213c4863b248d5d1cf3cfb34', TIMESTAMP '2022-06-09 09:02:14.335347', 'GZP', 'LTFG', 'Gazipasa-Alanya Airport', X'c17aaef20d5345f08a20206e9aacec73'),

(X'c5c14f3015fe4e3dae2d51b9d1e77fb3', TIMESTAMP '2022-06-09 09:02:14.335347', 'NAV', 'LTAZ', 'Nevsehir Kapadokya Airport', X'c17aaef20d5345f08a20206e9aacec73'),

(X'25641477845a4546ac473d414a0ba00b', TIMESTAMP '2022-06-09 09:02:14.335347', 'TEQ', 'LTBU', 'Tekirdag Corlu Airport', X'c17aaef20d5345f08a20206e9aacec73'),

(X'1eafb10fad5441a0945408762cea2fcb', TIMESTAMP '2022-06-09 09:02:14.335347', 'YEI', 'LTBR', 'Bursa Yenisehir Airport', X'c17aaef20d5345f08a20206e9aacec73'),

(X'71509588f919496397c48152f83242eb', TIMESTAMP '2022-06-09 09:02:14.335347', 'DIY', 'LTCC', 'Diyarbakir Airport', X'c17aaef20d5345f08a20206e9aacec73'),

(X'cc8a437b4bbb498ab2d75f67a3e9ed8d', TIMESTAMP '2022-06-09 09:02:14.336346', 'MLX', 'LTAT', 'Malatya Erhac Airport', X'c17aaef20d5345f08a20206e9aacec73'),

(X'bc6b0e8961d94173a1a5f4746bae1090', TIMESTAMP '2022-06-09 09:02:14.336346', 'KZR', 'LTBZ', 'Zafer Airport', X'c17aaef20d5345f08a20206e9aacec73'),

(X'0cae0e1bb6df41fdacc415684ba25dd4', TIMESTAMP '2022-06-09 09:02:14.336346', 'OGU', 'LTCB', 'Ordu Giresun Airport', X'c17aaef20d5345f08a20206e9aacec73'),

(X'c285a1f6a3eb474bb2deaf475464ee28', TIMESTAMP '2022-06-09 09:02:14.336346', 'ONQ', 'LTAS', 'Caycuma', X'c17aaef20d5345f08a20206e9aacec73'),

(X'7919b0eb18a4426b9411178bf7c1f6b8', TIMESTAMP '2022-06-09 09:02:14.336346', 'ADF', 'LTCP', 'Adiyaman Airport', X'c17aaef20d5345f08a20206e9aacec73'),

(X'dc843301ab8f44bc8cefe56400a81029', TIMESTAMP '2022-06-09 09:02:14.336346', 'EDO', 'LTFD', 'Balikesir Koca Seyit Airport', X'c17aaef20d5345f08a20206e9aacec73'),

(X'6f21b29ae205458ca2700e98aa9f786b', TIMESTAMP '2022-06-09 09:02:14.336346', 'BAL', 'LTCJ', 'Batman Airport', X'c17aaef20d5345f08a20206e9aacec73'),

(X'680e1380a2ef4856a7cfd2f4c7e8624a', TIMESTAMP '2022-06-09 09:02:14.336346', 'ERC', 'LTCD', 'Erzincan Airport', X'c17aaef20d5345f08a20206e9aacec73'),

(X'47c4f0f4217242f2b4939b4f45399d7e', TIMESTAMP '2022-06-09 09:02:14.336346', 'KFS', 'LTAL', 'Kastamonu Airport', X'c17aaef20d5345f08a20206e9aacec73'),

(X'eeeb6566153c44bba46d01c8a2528472', TIMESTAMP '2022-06-09 09:02:14.336346', 'SXZ', 'LTCL', 'Siirt Airport', X'c17aaef20d5345f08a20206e9aacec73'),

(X'b2bb0e80d8f34f50b64dcd55ccba8299', TIMESTAMP '2022-06-09 09:02:14.337342', 'VAS', 'LTAR', 'Sivas Airport', X'c17aaef20d5345f08a20206e9aacec73'),

(X'2e410271632b47588ec1c051c5e67931', TIMESTAMP '2022-06-09 09:02:14.337342', 'BZI', 'LTBF', 'Balikesir', X'c17aaef20d5345f08a20206e9aacec73'),

(X'371d998c696f4e9ba2d4095f33ca0fcd', TIMESTAMP '2022-06-09 09:02:14.337342', 'CKZ', 'LTBH', 'Canakkale Airport', X'c17aaef20d5345f08a20206e9aacec73'),

(X'228102130c004af3b12d187576ae1755', TIMESTAMP '2022-06-09 09:02:14.337342', 'EZS', 'LTCA', 'Elazig Airport', X'c17aaef20d5345f08a20206e9aacec73'),

(X'd5ea2bfebe1945ad80a55890e0791b0c', TIMESTAMP '2022-06-09 09:02:14.337342', 'HTY', 'LTDA', 'Hatay Airport', X'c17aaef20d5345f08a20206e9aacec73'),

(X'2ea35343fa77488aa1bd0af58c859f5e', TIMESTAMP '2022-06-09 09:02:14.337342', 'IGD', 'LTCT', 'Igdir Airport', X'c17aaef20d5345f08a20206e9aacec73'),

(X'aacb86d1e8324442ba56b76fa6562352', TIMESTAMP '2022-06-09 09:02:14.337342', 'MQM', 'LTCR', 'Mardin Airport', X'c17aaef20d5345f08a20206e9aacec73'),

(X'1dae784acdca4f1e8fbf2fcd886a3097', TIMESTAMP '2022-06-09 09:02:14.337342', 'GNY', 'LTCS', 'Sanliurfa GAP Airport', X'c17aaef20d5345f08a20206e9aacec73'),

(X'74d591a20bd54a8db910238d20c9f5f6', TIMESTAMP '2022-06-09 09:02:14.337342', 'NOP', 'LTCM', 'Sinop Airport', X'c17aaef20d5345f08a20206e9aacec73'),

(X'7c04170cf9234e8b8a65aa48917044c8', TIMESTAMP '2022-06-09 09:02:14.337342', 'NKT', 'LTCV', 'Sirnak Airport', X'c17aaef20d5345f08a20206e9aacec73'),

(X'9acd6ca5d8c0494f9c534d9f814748b0', TIMESTAMP '2022-06-09 09:02:14.338341', 'ISE', 'LTFC', 'Suleyman Demirel', X'c17aaef20d5345f08a20206e9aacec73'),

(X'ad0dd4e13c8242a4b5af4c492d24b426', TIMESTAMP '2022-06-09 09:02:14.338341', 'TJK', 'LTAW', 'Tokat Airport', X'c17aaef20d5345f08a20206e9aacec73'),

(X'd480f07c2ce346889f5f38a5ee3ed29c', TIMESTAMP '2022-06-09 09:02:14.338341', 'USQ', 'LTBO', 'Usak Airport', X'c17aaef20d5345f08a20206e9aacec73'),

(X'4889e5080e3347acaa97925b527ff3b0', TIMESTAMP '2022-06-09 09:02:14.338341', 'AFY', 'LTAH', 'Afyon Airport', X'c17aaef20d5345f08a20206e9aacec73'),

(X'd3c57348e32744349fb98f21637165db', TIMESTAMP '2022-06-09 09:02:14.338341', 'KCO', 'LTBQ', 'Cengiz Topel Airport', X'c17aaef20d5345f08a20206e9aacec73'),

(X'9d9249c063004e95a5489218d8130732', TIMESTAMP '2022-06-09 09:02:14.338341', 'AJI', 'LTCO', 'Agri Airport', X'c17aaef20d5345f08a20206e9aacec73'),

(X'6f372fe7a7f549e28b4884be05408267', TIMESTAMP '2022-06-09 09:02:14.338341', 'MZH', 'LTAP', 'Merzifon', X'c17aaef20d5345f08a20206e9aacec73'),

(X'f17e204c407b487899e5d25ce8165d3a', TIMESTAMP '2022-06-09 09:02:14.338341', 'BDM', 'LTBG', 'Bandirma Airport', X'c17aaef20d5345f08a20206e9aacec73'),

(X'4174a4b80bcc48118126562c6088d37f', TIMESTAMP '2022-06-09 09:02:14.338341', 'BGG', 'LTCU', 'Bingoel Airport', X'c17aaef20d5345f08a20206e9aacec73'),

(X'2f24fca093194bc1ae07b4e2162a990f', TIMESTAMP '2022-06-09 09:02:14.338341', 'BXN', 'LTBV', 'Bodrum-Imsik Airport', X'c17aaef20d5345f08a20206e9aacec73'),

(X'0989e7468d8c462dbc1ec9b7d052e119', TIMESTAMP '2022-06-09 09:02:14.33934', 'IGL', 'LTBL', 'Cigli Air Base', X'c17aaef20d5345f08a20206e9aacec73'),

(X'17809faab9ec4ed7bd6997d79980a122', TIMESTAMP '2022-06-09 09:02:14.33934', 'CII', 'LTBD', 'Aydin Airport', X'c17aaef20d5345f08a20206e9aacec73'),

(X'3c812247c43d4654a08640c1577706e3', TIMESTAMP '2022-06-09 09:02:14.33934', 'ANK', 'LTAD', 'Ankara Etimesgut Air Base', X'c17aaef20d5345f08a20206e9aacec73'),

(X'bcc942a4c9b844f1a0c58263b38a08b5', TIMESTAMP '2022-06-09 09:02:14.33934', 'GKD', 'LTFK', 'Goekceada Airport', X'c17aaef20d5345f08a20206e9aacec73'),

(X'bd5cb040bbf1415d9bb160250cb1f2e4', TIMESTAMP '2022-06-09 09:02:14.33934', 'YKO', 'LTCW', 'Yueksekova Airport', X'c17aaef20d5345f08a20206e9aacec73'),

(X'9d66df0585b74c2fbd4cca9509cbf69a', TIMESTAMP '2022-06-09 09:02:14.33934', 'UAB', 'LTAG', 'Incirlik Air Base', X'c17aaef20d5345f08a20206e9aacec73'),

(X'3d58d944146640c9a3c16f44c052e356', TIMESTAMP '2022-06-09 09:02:14.33934', 'KCM', 'LTCN', 'Kahramanmaras Airport', X'c17aaef20d5345f08a20206e9aacec73'),

(X'59d6c038bd814186aed20cea582d03be', TIMESTAMP '2022-06-09 09:02:14.33934', 'MSR', 'LTCK', 'Mus Airport', X'c17aaef20d5345f08a20206e9aacec73'),

(X'1371c50fe2dc494d986ec3499093c59d', TIMESTAMP '2022-06-09 09:02:14.33934', 'IZM', 'LTFB', U&'Sel\00e7uk Efes Airport', X'c17aaef20d5345f08a20206e9aacec73'),

(X'87b5492d81264833a7d3eca7ebda2cd2', TIMESTAMP '2022-06-09 09:02:14.34034', 'BTZ', 'LTBE', 'Bursa Airport', X'c17aaef20d5345f08a20206e9aacec73'),

(X'68fd5eaaa4a14e0888ceb4c109079c22', TIMESTAMP '2022-06-09 09:02:14.34034', 'ESK', 'LTBI', 'Eskisehir Airport', X'c17aaef20d5345f08a20206e9aacec73'),

(X'd58f135af9c14a588b5f3f6daa1c1b4d', TIMESTAMP '2022-06-09 09:02:14.34034', 'IGL', 'LTBK', 'Gaziemir', X'c17aaef20d5345f08a20206e9aacec73'),

(X'63186046c4844eb3a93e65d22384cdac', TIMESTAMP '2022-06-09 09:02:14.34034', 'SFQ', 'LTCH', U&'\015eanl\0131urfa Airport', X'c17aaef20d5345f08a20206e9aacec73'),

(X'91ff389b547b48069c3f965a8bf0bea1', TIMESTAMP '2022-06-09 09:05:19.924478', 'KTW', 'EPKT', 'Katowice International Airport', X'e31a2e1c1102480bb13c00a601c10441'),

(X'fa7341800c36481ba7683df286a85818', TIMESTAMP '2022-06-09 09:05:19.924478', 'KRK', 'EPKK', 'John Paul II International Airport Krakow-Balice', X'e31a2e1c1102480bb13c00a601c10441'),

(X'df331a0fcbb246caa92683b987842728', TIMESTAMP '2022-06-09 09:05:19.924478', 'LCJ', 'EPLL', 'Lodz Wladyslaw Reymont Airport', X'e31a2e1c1102480bb13c00a601c10441'),

(X'a68aeaa6f4824d4f9abda1734dde6cac', TIMESTAMP '2022-06-09 09:05:19.924478', 'WMI', 'EPMO', 'Warsaw-Modlin Mazovia Airport', X'e31a2e1c1102480bb13c00a601c10441'),

(X'a6e71fa8b0bc4650bec254e1c15d6c55', TIMESTAMP '2022-06-09 09:05:19.925477', 'SZZ', 'EPSC', 'Szczecin-Goleniow Airport', X'e31a2e1c1102480bb13c00a601c10441'),

(X'2359851af57f402f8ddf66cb48771c07', TIMESTAMP '2022-06-09 09:05:19.925477', 'WAW', 'EPWA', 'Warsaw Chopin Airport', X'e31a2e1c1102480bb13c00a601c10441'),

(X'e4690f4137474cceb387600560ff6d78', TIMESTAMP '2022-06-09 09:05:19.925477', 'BZG', 'EPBY', 'Bydgoszcz Ignacy Jan Paderewski Airport', X'e31a2e1c1102480bb13c00a601c10441'),

(X'f6acff7e635047e5907ed98621f76438', TIMESTAMP '2022-06-09 09:05:19.925477', 'WRO', 'EPWR', 'Wroclaw-Copernicus Airport', X'e31a2e1c1102480bb13c00a601c10441'),

(X'995a472d85df44a4a02ab88091456a5a', TIMESTAMP '2022-06-09 09:05:19.925477', 'POZ', 'EPPO', 'Poznan-Lawica Airport', X'e31a2e1c1102480bb13c00a601c10441'),

(X'44c1888c439341ce819b8f9d4b4cf957', TIMESTAMP '2022-06-09 09:05:19.925477', 'GDN', 'EPGD', 'Gdansk Lech Walesa Airport', X'e31a2e1c1102480bb13c00a601c10441'),

(X'114316d9b55b48bbb9affdfe69922d9a', TIMESTAMP '2022-06-09 09:05:19.925477', 'RZE', 'EPRZ', 'Rzeszow-Jasionka Airport', X'e31a2e1c1102480bb13c00a601c10441'),

(X'73123442173546f99f26d6da32998017', TIMESTAMP '2022-06-09 09:05:19.925477', 'LUZ', 'EPLB', 'Lublin Airport', X'e31a2e1c1102480bb13c00a601c10441'),

(X'71c3afe3703a45f986b999c293483d09', TIMESTAMP '2022-06-09 09:05:19.925477', 'SZY', 'EPSY', 'Szczytno-Szymany International Airport', X'e31a2e1c1102480bb13c00a601c10441'),

(X'c915765b317c4fe587174d51d0301c13', TIMESTAMP '2022-06-09 09:05:19.925477', 'IEG', 'EPZG', 'Zielona Gora Airport', X'e31a2e1c1102480bb13c00a601c10441'),

(X'485f3195c8f2488ca4f68df9630c0e1b', TIMESTAMP '2022-06-09 09:05:19.925477', 'RDO', 'EPRA', 'Radom Airport', X'e31a2e1c1102480bb13c00a601c10441'),

(X'5b01b3b67a954878b02af3a90839bf43', TIMESTAMP '2022-06-09 09:05:19.927456', 'BXP', 'EPBP', 'Biala Podlaska', X'e31a2e1c1102480bb13c00a601c10441'),

(X'ec656bec8e0b4f03ac1878297b0540fa', TIMESTAMP '2022-06-09 09:05:19.927456', 'QEO', 'EPKW', 'Bielsko-Bialo Kaniow Airfield', X'e31a2e1c1102480bb13c00a601c10441'),

(X'5dea6d2c2c784f1b8fda7f7a424bb5f4', TIMESTAMP '2022-06-09 09:05:19.928454', 'OSZ', 'EPKO', 'Koszalin-Zegrze Pomorskie Airport', X'e31a2e1c1102480bb13c00a601c10441'),

(X'5d4900bc894b415c955ecb2ee7d3a8c3', TIMESTAMP '2022-06-09 09:05:19.928454', 'QYD', 'EPOK', 'Gdynia-Babie Doly Airport', X'e31a2e1c1102480bb13c00a601c10441'),

(X'acfd5fba6aa34d95bcbb4bc7c14f1d97', TIMESTAMP '2022-06-09 09:05:19.928454', 'RZE', 'EPRJ', U&'Rzesz\00f3w Airport', X'e31a2e1c1102480bb13c00a601c10441'),

(X'6a5cdfb1df4041b398f3a9e1be2efe60', TIMESTAMP '2022-06-09 09:05:19.928454', 'CZW', 'EPRU', 'Rudniki', X'e31a2e1c1102480bb13c00a601c10441'),

(X'f53c05ce209c4545a9206ad7c95c3568', TIMESTAMP '2022-06-09 09:05:19.928454', 'ZWK', 'EPSU', 'Suwalki Airfield', X'e31a2e1c1102480bb13c00a601c10441'),

(X'ca8b2de8c4454bf8b223bd3f0aaa8ee5', TIMESTAMP '2022-06-09 09:10:14.694313', 'BLQ', 'LIPE', 'Bologna Guglielmo Marconi Airport', X'446337443b8d410993b4537f8a00cc59'),

(X'8e519f5c1463468b991d83d18e9dabcc', TIMESTAMP '2022-06-09 09:10:14.715297', 'MXP', 'LIMC', 'Milano Malpensa Airport', X'446337443b8d410993b4537f8a00cc59'),

(X'91af9730e82e41ef928c7eac444c6370', TIMESTAMP '2022-06-09 09:10:14.715297', 'LIN', 'LIML', 'Milano Linate Airport', X'446337443b8d410993b4537f8a00cc59'),

(X'ea43738ebcd24060b85a82624a7a5704', TIMESTAMP '2022-06-09 09:10:14.715297', 'NAP', 'LIRN', 'Naples International Airport', X'446337443b8d410993b4537f8a00cc59'),

(X'7ff75f4290244772bff236ba2fcc458b', TIMESTAMP '2022-06-09 09:10:14.715297', 'TRS', 'LIPQ', 'Trieste - Friuli Venezia Giulia Airport', X'446337443b8d410993b4537f8a00cc59'),

(X'70c196aea5dc4b71918c6f72bcdcc437', TIMESTAMP '2022-06-09 09:10:14.716295', 'VCE', 'LIPZ', 'Venice Marco Polo Airport', X'446337443b8d410993b4537f8a00cc59'),

(X'b7e163fd4f8b4c28a08b006415313ed7', TIMESTAMP '2022-06-09 09:10:14.716295', 'CTA', 'LICC', 'Catania-Fontanarossa Airport', X'446337443b8d410993b4537f8a00cc59'),

(X'63b2fc87c3974547bdda7911a9e9731e', TIMESTAMP '2022-06-09 09:10:14.716295', 'PMO', 'LICJ', 'Falcone-Borsellino Airport', X'446337443b8d410993b4537f8a00cc59'),

(X'4177f23a722f4616a47fed870fd18ac3', TIMESTAMP '2022-06-09 09:10:14.716295', 'GOA', 'LIMJ', 'Genoa Cristoforo Colombo Airport', X'446337443b8d410993b4537f8a00cc59'),

(X'0cf220fc3d884f7fa74422ff7bcd5d67', TIMESTAMP '2022-06-09 09:10:14.716295', 'BGY', 'LIME', 'Il Caravaggio International Airport', X'446337443b8d410993b4537f8a00cc59'),

(X'16445b17253b4f1bacc116db415dc72a', TIMESTAMP '2022-06-09 09:10:14.716295', 'FLR', 'LIRQ', 'Florence Peretola Airport', X'446337443b8d410993b4537f8a00cc59'),

(X'5db79670429d4258a7bf59d46971993f', TIMESTAMP '2022-06-09 09:10:14.717312', 'PEG', 'LIRZ', 'Perugia San Francesco d''Assisi - Umbria International Airport', X'446337443b8d410993b4537f8a00cc59'),

(X'f5768a0e34de4b57b2bab2e85f0919be', TIMESTAMP '2022-06-09 09:10:14.717312', 'PSA', 'LIRP', 'Pisa International Airport', X'446337443b8d410993b4537f8a00cc59'),

(X'4780cacb302341639e278521bf759e2d', TIMESTAMP '2022-06-09 09:10:14.717312', 'TSF', 'LIPH', 'Treviso Airport', X'446337443b8d410993b4537f8a00cc59'),

(X'15bc2313b27f487ea18f543083c308f3', TIMESTAMP '2022-06-09 09:10:14.717312', 'BDS', 'LIBR', 'Brindisi - Salento Airport', X'446337443b8d410993b4537f8a00cc59'),

(X'e325849f47a5426f83199f89f9deed29', TIMESTAMP '2022-06-09 09:10:14.719309', 'CIA', 'LIRA', 'Roma Ciampino Airport', X'446337443b8d410993b4537f8a00cc59'),

(X'a7f8484cbcf248fb956c6a49c5707e2d', TIMESTAMP '2022-06-09 09:10:14.719309', 'FCO', 'LIRF', 'Leonardo da Vinci-Fiumicino Airport', X'446337443b8d410993b4537f8a00cc59'),

(X'a481546bbcc54d24a99b66a9b1f8b5a2', TIMESTAMP '2022-06-09 09:10:14.720289', 'PMF', 'LIMP', 'Parma Airport', X'446337443b8d410993b4537f8a00cc59'),

(X'3bb1d108ec9847dba101cccf0ce34e86', TIMESTAMP '2022-06-09 09:10:14.720289', 'TRN', 'LIMF', 'Turin Airport', X'446337443b8d410993b4537f8a00cc59'),

(X'63f80f7341d6461b950bb6e86bbed397', TIMESTAMP '2022-06-09 09:10:14.720289', 'VRN', 'LIPX', 'Verona Villafranca Airport', X'446337443b8d410993b4537f8a00cc59'),

(X'913311f142b24eee9d6303d276ac6450', TIMESTAMP '2022-06-09 09:10:14.720289', 'CAG', 'LIEE', 'Cagliari Elmas Airport', X'446337443b8d410993b4537f8a00cc59'),

(X'61ccd4bd45d04b47a3413027f484f19b', TIMESTAMP '2022-06-09 09:10:14.720289', 'RMI', 'LIPR', 'Federico Fellini International Airport', X'446337443b8d410993b4537f8a00cc59'),

(X'c2be7aa0e9b2451a9c5be68661a7998b', TIMESTAMP '2022-06-09 09:10:14.72131', 'REG', 'LICR', 'Reggio Calabria Airport', X'446337443b8d410993b4537f8a00cc59'),

(X'7672672157874100afa8d1975c6ffdf1', TIMESTAMP '2022-06-09 09:10:14.72131', 'CUF', 'LIMZ', 'Cuneo International Airport', X'446337443b8d410993b4537f8a00cc59'),

(X'ad997b4ce36f43f88dc9330d771982c0', TIMESTAMP '2022-06-09 09:10:14.72131', 'PNL', 'LICG', 'Pantelleria Airport', X'446337443b8d410993b4537f8a00cc59'),

(X'bcd840b32b5b4915b6883d7945eb8bbd', TIMESTAMP '2022-06-09 09:10:14.72131', 'ALL', 'LIMG', 'Riviera Airport', X'446337443b8d410993b4537f8a00cc59'),

(X'3ccd39c567e34d9fa6964f221778f3d8', TIMESTAMP '2022-06-09 09:10:14.722119', 'VBS', 'LIPO', 'Verona Brescia Airport', X'446337443b8d410993b4537f8a00cc59'),

(X'2a0373521f604158a18d42754066a909', TIMESTAMP '2022-06-09 09:10:14.722308', 'CIY', 'LICB', 'Comiso Airport', X'446337443b8d410993b4537f8a00cc59'),

(X'4be7919dfe2d4623a18019249fd128b7', TIMESTAMP '2022-06-09 09:10:14.722308', 'LCV', 'LIQL', 'Lucca-Tassignano Airport', X'446337443b8d410993b4537f8a00cc59'),

(X'a5e67338c99c4e87872f8fd0cd0ed121', TIMESTAMP '2022-06-09 09:10:14.722308', 'QBS', 'LIPN', 'Verona-Boscomantico Airfield', X'446337443b8d410993b4537f8a00cc59'),

(X'7386ddffb2a8429fb6e2994651d7f402', TIMESTAMP '2022-06-09 09:10:14.722308', 'AHO', 'LIEA', 'Alghero-Fertilia Airport', X'446337443b8d410993b4537f8a00cc59'),

(X'eae337511cd74d709812c462a5b9c2ec', TIMESTAMP '2022-06-09 09:10:14.723296', 'AOT', 'LIMW', 'Aosta Airport', X'446337443b8d410993b4537f8a00cc59'),

(X'5a8f8c34cc8d45aa94d3ad050664ca3e', TIMESTAMP '2022-06-09 09:10:14.723296', 'AVB', 'LIPA', 'Aviano Air Base', X'446337443b8d410993b4537f8a00cc59'),

(X'9dc0ba025ea24c83bf2a822d85a55276', TIMESTAMP '2022-06-09 09:10:14.723296', 'BRI', 'LIBD', 'Bari Karol Wojtyla Airport', X'446337443b8d410993b4537f8a00cc59'),

(X'48c9901ae18e4fe2a820b08d22befa56', TIMESTAMP '2022-06-09 09:10:14.723296', 'QSR', 'LIRI', 'Salerno Costa d''Amalfi Airport', X'446337443b8d410993b4537f8a00cc59'),

(X'd3d06254c0f84b6a901e9ad5004ae701', TIMESTAMP '2022-06-09 09:10:14.724339', 'ZIA', 'LIDT', 'Trento-Mattarello Airport', X'446337443b8d410993b4537f8a00cc59'),

(X'e4034c20b3f64a97bf70bdb4fbc22584', TIMESTAMP '2022-06-09 09:10:14.724339', 'QVA', 'LILN', 'Vares-Venegono Airport', X'446337443b8d410993b4537f8a00cc59'),

(X'18c1b4be6e3e40409b6b61aa18769bc1', TIMESTAMP '2022-06-09 09:10:14.724339', 'FRL', 'LIPK', 'Forli Airport', X'446337443b8d410993b4537f8a00cc59'),

(X'44c907d78ada43f79c9bb77d38f05e9e', TIMESTAMP '2022-06-09 09:10:14.724339', 'SUF', 'LICA', 'Lamezia Terme International Airport', X'446337443b8d410993b4537f8a00cc59'),

(X'35aa874467854e20895c2b1b6ceffb69', TIMESTAMP '2022-06-09 09:10:14.724339', 'AOI', 'LIPY', 'Ancona Falconara Airport', X'446337443b8d410993b4537f8a00cc59'),

(X'69a9a5e0abbd4b4baa92d0098fc33499', TIMESTAMP '2022-06-09 09:10:14.725346', 'OLB', 'LIEO', 'Olbia Costa Smeralda Airport', X'446337443b8d410993b4537f8a00cc59'),

(X'b2a6a5fd37fe4a00b9e9dc20922d49a5', TIMESTAMP '2022-06-09 09:10:14.725346', 'RAN', 'LIDR', 'Ravenna Airport', X'446337443b8d410993b4537f8a00cc59'),

(X'0190fe4291cb41d886336049e57bc02c', TIMESTAMP '2022-06-09 09:10:14.725346', 'TPS', 'LICT', 'Vincenzo Florio Airport Trapani-Birgi', X'446337443b8d410993b4537f8a00cc59'),

(X'1164e7b7aa5d4e99afa3d4a1e62171d9', TIMESTAMP '2022-06-09 09:10:14.725346', 'PSR', 'LIBP', 'Abruzzo Airport', X'446337443b8d410993b4537f8a00cc59'),

(X'e893115c37e74590b824177872b61ab8', TIMESTAMP '2022-06-09 09:10:14.725346', 'BLX', 'LIDB', 'Belluno Airport', X'446337443b8d410993b4537f8a00cc59'),

(X'ad2b011239084232bf512546c8910b7a', TIMESTAMP '2022-06-09 09:10:14.726339', 'QAQ', 'LIAP', 'L''Aquila''s Preturo Airport', X'446337443b8d410993b4537f8a00cc59'),

(X'b0962bedd78c45e98ca1dac00b47e337', TIMESTAMP '2022-06-09 09:10:14.726339', 'QMM', 'LILQ', 'Massa Cinquale Airport', X'446337443b8d410993b4537f8a00cc59'),

(X'b43723652bed435f98b8404269f6cbe7', TIMESTAMP '2022-06-09 09:10:14.726339', 'QPA', 'LIPU', 'Padua Airport', X'446337443b8d410993b4537f8a00cc59'),

(X'65026e533fff4547ae6604131f60e402', TIMESTAMP '2022-06-09 09:10:14.726339', 'FNU', 'LIER', 'Oristano-Fenosu Airport', X'446337443b8d410993b4537f8a00cc59'),

(X'017d169570cb48ebb79a18d2007ad7b8', TIMESTAMP '2022-06-09 09:10:14.726339', 'QLP', 'LIQW', 'Sarzana / Luni', X'446337443b8d410993b4537f8a00cc59'),

(X'4196642d7f064e51b61e21a04d18c230', TIMESTAMP '2022-06-09 09:10:14.726339', 'BZO', 'LIPB', 'Bolzano Airport', X'446337443b8d410993b4537f8a00cc59'),

(X'b082ace0a09745e9a62348dd96e00b9c', TIMESTAMP '2022-06-09 09:10:14.727334', 'CRV', 'LIBC', 'Crotone Airport', X'446337443b8d410993b4537f8a00cc59'),

(X'd2bca87ad1d4499f90d02af3205088bc', TIMESTAMP '2022-06-09 09:10:14.727334', 'FOG', 'LIBF', 'Foggia "Gino Lisa" Airport', X'446337443b8d410993b4537f8a00cc59'),

(X'e63c238f5020471fbab02a616bddd63c', TIMESTAMP '2022-06-09 09:10:14.727334', 'GRS', 'LIRS', 'Grosseto Airport', X'446337443b8d410993b4537f8a00cc59'),

(X'cf484d2f9309404c9975103d3572b1d4', TIMESTAMP '2022-06-09 09:10:14.727334', 'LMP', 'LICD', 'Lampedusa Airport', X'446337443b8d410993b4537f8a00cc59'),

(X'64d3f919fb6346e7939b4046916ccc77', TIMESTAMP '2022-06-09 09:10:14.727334', 'QLT', 'LIRL', 'Latina Airport', X'446337443b8d410993b4537f8a00cc59'),

(X'a6d6f4e48d1c4c3bafc4ff9c0e2c4650', TIMESTAMP '2022-06-09 09:10:14.727334', 'EBA', 'LIRJ', 'Marina Di Campo Airport', X'446337443b8d410993b4537f8a00cc59'),

(X'659b34a14fc14601b59a3a46fde7d531', TIMESTAMP '2022-06-09 09:10:14.728347', 'QRT', 'LIQN', 'Rieti Airport', X'446337443b8d410993b4537f8a00cc59'),

(X'38a49dc13f254d29a4610116ac75f141', TIMESTAMP '2022-06-09 09:10:14.728347', 'SAY', 'LIQS', 'Ampugnano Airport', X'446337443b8d410993b4537f8a00cc59'),

(X'6e08dd620a474ce89fadda89a5cd97cb', TIMESTAMP '2022-06-09 09:10:14.728347', 'NSY', 'LICZ', 'Sigonella Naval Air Station', X'446337443b8d410993b4537f8a00cc59'),

(X'9b5b60ba24964a1dafb8964eb09cb76b', TIMESTAMP '2022-06-09 09:10:14.728347', 'TAR', 'LIBG', 'Taranto-Grottaglie Airport', X'446337443b8d410993b4537f8a00cc59'),

(X'1a526e694f94431f88214642918bc0f7', TIMESTAMP '2022-06-09 09:10:14.729329', 'TTB', 'LIET', 'Tortoli Airport', X'446337443b8d410993b4537f8a00cc59'),

(X'761d4829a9d24bb0806f62ece9e97f62', TIMESTAMP '2022-06-09 09:10:14.729329', 'DCI', 'LIED', 'Decimomannu Military Airfield', X'446337443b8d410993b4537f8a00cc59'),

(X'af5498ae03ed426db6c5b73902c9845a', TIMESTAMP '2022-06-09 09:10:14.730337', 'LCC', 'LIBN', 'Lecce Galatina Airport', X'446337443b8d410993b4537f8a00cc59'),

(X'75f0fa396a3a4f44b40489136efb099a', TIMESTAMP '2022-06-09 09:10:14.731328', 'UDN', 'LIPD', 'Udine-Campoformido Airport', X'446337443b8d410993b4537f8a00cc59'),

(X'388b98809a2a4148a0aa9d1f3992eabe', TIMESTAMP '2022-06-09 09:10:14.731328', 'QZO', 'LIQB', 'Arezzo Airfield', X'446337443b8d410993b4537f8a00cc59'),

(X'cb2e551ef1cb419b9b8de1b3f2837cd3', TIMESTAMP '2022-06-09 09:12:43.214781', 'AGP', 'LEMG', 'Malaga Airport', X'0564fc4a5d044461ba3b50809eae32eb'),

(X'7b32b73ac4a445b1823c2b07d21cbed2', TIMESTAMP '2022-06-09 09:12:43.236787', 'SCQ', 'LEST', 'Santiago de Compostela Airport', X'0564fc4a5d044461ba3b50809eae32eb'),

(X'c5db119d39a04191a4b52fb8dd8eb7f8', TIMESTAMP '2022-06-09 09:12:43.236787', 'BIO', 'LEBB', 'Bilbao Airport', X'0564fc4a5d044461ba3b50809eae32eb'),

(X'e15bf0cafca24c7395d29b42b0e191f7', TIMESTAMP '2022-06-09 09:12:43.237777', 'GRX', 'LEGR', 'Federico Garcia Lorca Airport', X'0564fc4a5d044461ba3b50809eae32eb'),

(X'9cd931225db94d7da29edb327c0e2dc3', TIMESTAMP '2022-06-09 09:12:43.237777', 'XRY', 'LEJR', 'Jerez Airport', X'0564fc4a5d044461ba3b50809eae32eb'),

(X'3504f45907d24275888b499f86eff3b8', TIMESTAMP '2022-06-09 09:12:43.237777', 'SVQ', 'LEZL', 'Seville San Pablo Airport', X'0564fc4a5d044461ba3b50809eae32eb'),

(X'0cec2da7f0d24634b31e4a9488f956e1', TIMESTAMP '2022-06-09 09:12:43.237777', 'MAD', 'LEMD', 'Adolfo Suarez Madrid-Barajas Airport', X'0564fc4a5d044461ba3b50809eae32eb'),

(X'b5e4daa6eefa4a12b214c169d419a1e8', TIMESTAMP '2022-06-09 09:12:43.238786', 'BCN', 'LEBL', 'Barcelona-El Prat Airport', X'0564fc4a5d044461ba3b50809eae32eb'),

(X'6a9c38c259a145299adbc3761f83d0b2', TIMESTAMP '2022-06-09 09:12:43.238786', 'FUE', 'GCFV', 'Fuerteventura Airport', X'0564fc4a5d044461ba3b50809eae32eb'),

(X'e955fc7357744872be6f9780328fbf71', TIMESTAMP '2022-06-09 09:12:43.238786', 'ACE', 'GCRR', 'Lanzarote Airport', X'0564fc4a5d044461ba3b50809eae32eb'),

(X'98bd2d81d1124b16b5d6768bece6d252', TIMESTAMP '2022-06-09 09:12:43.238786', 'TFN', 'GCXO', 'Tenerife North Airport', X'0564fc4a5d044461ba3b50809eae32eb'),

(X'02c5a9b8794d4122b95345727e41bbe3', TIMESTAMP '2022-06-09 09:12:43.238786', 'TFS', 'GCTS', 'Tenerife South Airport', X'0564fc4a5d044461ba3b50809eae32eb'),

(X'd84b4958d37d4b51bc110aeb6689c534', TIMESTAMP '2022-06-09 09:12:43.238786', 'VGO', 'LEVX', 'Vigo Airport', X'0564fc4a5d044461ba3b50809eae32eb'),

(X'519c3cc1c82443eb85379a918a5b156f', TIMESTAMP '2022-06-09 09:12:43.239772', 'LPA', 'GCLP', 'Gran Canaria Airport', X'0564fc4a5d044461ba3b50809eae32eb'),

(X'da8102bfbe064ffbb7335620f1e1b744', TIMESTAMP '2022-06-09 09:12:43.239772', 'PMI', 'LEPA', 'Palma de Mallorca Airport', X'0564fc4a5d044461ba3b50809eae32eb'),

(X'3fcc2ad21731416d99f796627819952b', TIMESTAMP '2022-06-09 09:12:43.240784', 'EAS', 'LESO', 'San Sebastian Airport', X'0564fc4a5d044461ba3b50809eae32eb'),

(X'c7e72e4dc1334bb4b17ca1134e785c3d', TIMESTAMP '2022-06-09 09:12:43.241773', 'SDR', 'LEXJ', 'Santander Airport', X'0564fc4a5d044461ba3b50809eae32eb'),

(X'a7a24ccc52b54083a4e94de1fb508698', TIMESTAMP '2022-06-09 09:12:43.241773', 'VLC', 'LEVC', 'Valencia Airport', X'0564fc4a5d044461ba3b50809eae32eb'),

(X'73a5b8cc081a47c8bc70d9d18a512c95', TIMESTAMP '2022-06-09 09:12:43.241773', 'ALC', 'LEAL', 'Alicante-Elche Airport', X'0564fc4a5d044461ba3b50809eae32eb'),

(X'f2ba00690e1d4594a7ace1fefad45d2d', TIMESTAMP '2022-06-09 09:12:43.241773', 'OVD', 'LEAS', 'Asturias Airport', X'0564fc4a5d044461ba3b50809eae32eb'),

(X'c6fbc0aa54234c21b7929d5d7d71bad7', TIMESTAMP '2022-06-09 09:12:43.241773', 'MAH', 'LEMH', 'Menorca Airport', X'0564fc4a5d044461ba3b50809eae32eb'),

(X'd6e1860f2f85461eac3ed4eddeb47599', TIMESTAMP '2022-06-09 09:12:43.241773', 'ZAZ', 'LEZG', 'Zaragoza Airport', X'0564fc4a5d044461ba3b50809eae32eb'),

(X'739b588333b742cb9a78fda8e0805b24', TIMESTAMP '2022-06-09 09:12:43.242774', 'LEI', 'LEAM', 'Almeria Airport', X'0564fc4a5d044461ba3b50809eae32eb'),

(X'66adf8198355450da7ad2920eb6492f9', TIMESTAMP '2022-06-09 09:12:43.242774', 'BJZ', 'LEBZ', 'Badajoz Airport', X'0564fc4a5d044461ba3b50809eae32eb'),

(X'd4f6d73ceaf44dbd884f6858d86bd268', TIMESTAMP '2022-06-09 09:12:43.242774', 'ODB', 'LEBA', 'Cordoba Airport', X'0564fc4a5d044461ba3b50809eae32eb'),

(X'91cdb371cb7b44e2bd831ead30b37c77', TIMESTAMP '2022-06-09 09:12:43.242774', 'LCG', 'LECO', 'A Coruna Airport', X'0564fc4a5d044461ba3b50809eae32eb'),

(X'a562028b71d14304bc3e92a05f414c09', TIMESTAMP '2022-06-09 09:12:43.243774', 'VDE', 'GCHI', 'Hierro Airport', X'0564fc4a5d044461ba3b50809eae32eb'),

(X'e47ecb98b9b64ab1b96b50dea82dc219', TIMESTAMP '2022-06-09 09:12:43.243774', 'LEN', 'LELN', 'Leon Airport', X'0564fc4a5d044461ba3b50809eae32eb'),

(X'614955a3dc954d50be17a361ba9cf4e5', TIMESTAMP '2022-06-09 09:12:43.243774', 'PNA', 'LEPP', 'Pamplona Airport', X'0564fc4a5d044461ba3b50809eae32eb'),

(X'c70a1032e6344c428315293bf5c10bcf', TIMESTAMP '2022-06-09 09:12:43.243774', 'VLL', 'LEVD', 'Valladolid Airport', X'0564fc4a5d044461ba3b50809eae32eb'),

(X'a11ce54bdd1c4a24a175f09951c8d6b6', TIMESTAMP '2022-06-09 09:12:43.243774', 'VIT', 'LEVT', 'Vitoria Airport', X'0564fc4a5d044461ba3b50809eae32eb'),

(X'57ac9601573444969ace2afb98af7247', TIMESTAMP '2022-06-09 09:12:43.243774', 'CDT', 'LECH', 'Castellon-Costa Azahar Airport', X'0564fc4a5d044461ba3b50809eae32eb'),

(X'6d960818980542d581d727d03069b936', TIMESTAMP '2022-06-09 09:12:43.244771', 'GRO', 'LEGE', 'Aeroport de Girona - Costa Brava', X'0564fc4a5d044461ba3b50809eae32eb'),

(X'3d9163dc587144a69015cb1d080c4a86', TIMESTAMP '2022-06-09 09:12:43.244771', 'MLN', 'GEML', 'Melilla Airport', X'0564fc4a5d044461ba3b50809eae32eb'),

(X'1174c082a78d43a7846a526b737f36e2', TIMESTAMP '2022-06-09 09:12:43.244771', 'ABC', 'LEAB', 'Albacete Airport', X'0564fc4a5d044461ba3b50809eae32eb'),

(X'af0e7c54bc0946228096145ddc63c219', TIMESTAMP '2022-06-09 09:12:43.244771', 'RGS', 'LEBG', 'Burgos Villafria Airport', X'0564fc4a5d044461ba3b50809eae32eb'),

(X'7b9802bf312d498bade5180b38850606', TIMESTAMP '2022-06-09 09:12:43.244771', 'CDT', 'LECN', 'Castellon de la Plana Airport', X'0564fc4a5d044461ba3b50809eae32eb'),

(X'da99eed38d944f1bb85cd50d0351ea86', TIMESTAMP '2022-06-09 09:12:43.244771', 'RJL', 'LERJ', 'Logrono-Agoncillo Airport', X'0564fc4a5d044461ba3b50809eae32eb'),

(X'b355c7916ba544c99be2b1bcc5b94605', TIMESTAMP '2022-06-09 09:12:43.24577', 'SBO', 'LESB', 'Son Bonet Aerodrome', X'0564fc4a5d044461ba3b50809eae32eb'),

(X'435e1f793ad7467ea6732d307eed7e54', TIMESTAMP '2022-06-09 09:12:43.24577', 'IBZ', 'LEIB', 'Ibiza Airport', X'0564fc4a5d044461ba3b50809eae32eb'),

(X'23a18524294649af9062077a7cec052a', TIMESTAMP '2022-06-09 09:12:43.24577', 'SPC', 'GCLA', 'La Palma Airport', X'0564fc4a5d044461ba3b50809eae32eb'),

(X'8bec05ae7b2a40fc93dd3f8f829ac41b', TIMESTAMP '2022-06-09 09:12:43.24577', 'REU', 'LERS', 'Reus Airport', X'0564fc4a5d044461ba3b50809eae32eb'),

(X'8ee212d74ad046d1816cee70883f831e', TIMESTAMP '2022-06-09 09:12:43.24577', 'HSK', 'LEHC', 'Huesca-Pirineos Airport', X'0564fc4a5d044461ba3b50809eae32eb'),

(X'6c4fd0f1b6ae4ae6a7a0141971ab7fba', TIMESTAMP '2022-06-09 09:12:43.24577', 'AEI', 'LEAG', 'Algeciras Heliport', X'0564fc4a5d044461ba3b50809eae32eb'),

(X'f3fb1e3fc1104df6b60fe7125fde3752', TIMESTAMP '2022-06-09 09:12:43.246773', 'JCU', 'GECE', 'Ceuta Heliport', X'0564fc4a5d044461ba3b50809eae32eb'),

(X'5676fb08fc5c4106ad0d0aeec3d952e7', TIMESTAMP '2022-06-09 09:12:43.246773', 'GMZ', 'GCGM', 'La Gomera Airport', X'0564fc4a5d044461ba3b50809eae32eb'),

(X'f6f8f4a448244f77b23fcb5624bb4262', TIMESTAMP '2022-06-09 09:12:43.246773', 'ILD', 'LEDA', 'Lleida-Alguaire Airport', X'0564fc4a5d044461ba3b50809eae32eb'),

(X'fb9c0f1ce0fb4d8cb4df889a176f0449', TIMESTAMP '2022-06-09 09:12:43.246773', 'OZP', 'LEMO', 'Moron Air Base', X'0564fc4a5d044461ba3b50809eae32eb'),

(X'08d06ff5615c48cf85365451d7753d45', TIMESTAMP '2022-06-09 09:12:43.246773', 'LEU', 'LESU', 'Andorra - La Seu d''Urgell Airport', X'0564fc4a5d044461ba3b50809eae32eb'),

(X'bf0dc29f37584c58afc3d8f1641bb106', TIMESTAMP '2022-06-09 09:12:43.246773', 'RMU', 'LEMI', 'Region de Murcia International Airport', X'0564fc4a5d044461ba3b50809eae32eb'),

(X'3cf8a959efb8475d9e3d881ea48e2c2d', TIMESTAMP '2022-06-09 09:12:43.24777', 'ROZ', 'LERT', 'Naval Station Rota', X'0564fc4a5d044461ba3b50809eae32eb'),

(X'b55caea9db7945d0a7804663e54ae6c6', TIMESTAMP '2022-06-09 09:12:43.24777', 'QSA', 'LELL', 'Sabadell Airport', X'0564fc4a5d044461ba3b50809eae32eb'),

(X'fd3c77ea2329491aa60551ff9f2e5063', TIMESTAMP '2022-06-09 09:12:43.24777', 'SLM', 'LESA', 'Salamanca Airport', X'0564fc4a5d044461ba3b50809eae32eb'),

(X'a040dd58824d42aab87d65720de2c52b', TIMESTAMP '2022-06-09 09:12:43.24777', 'MJV', 'LELC', 'Murcia-San Javier Airport', X'0564fc4a5d044461ba3b50809eae32eb'),

(X'03cd545c2de0405fa71654e71c0f9f9e', TIMESTAMP '2022-06-09 09:12:43.24777', 'TEV', 'LETL', 'Teruel Airport', X'0564fc4a5d044461ba3b50809eae32eb'),

(X'68393199705642f89d90f3def391b203', TIMESTAMP '2022-06-09 09:12:43.248781', 'TOJ', 'LETO', 'Madrid-Torrejon Airport', X'0564fc4a5d044461ba3b50809eae32eb'),

(X'2c6322dbdb0a4ace90e57027660d7183', TIMESTAMP '2022-06-09 09:12:43.248781', 'ECV', 'LECU', 'Cuatro Vientos Airport', X'0564fc4a5d044461ba3b50809eae32eb'),

(X'61a9a3373f8c4e8081df07a86f0f0001', TIMESTAMP '2022-06-09 09:15:36.986679', 'GVA', 'LSGG', 'Aeroport Geneve-Cointrin', X'0e87a0c0ec294a08925bb5282f08664c'),

(X'6219352dc65e47dba5c7a4a869a21540', TIMESTAMP '2022-06-09 09:15:36.987679', 'ZRH', 'LSZH', 'Zurich Airport', X'0e87a0c0ec294a08925bb5282f08664c'),

(X'c63eff83435042f1ad9baa3f85751c67', TIMESTAMP '2022-06-09 09:15:36.987679', 'BRN', 'LSZB', 'Bern Airport', X'0e87a0c0ec294a08925bb5282f08664c'),

(X'046c2f1a47be49718d3925c6432e816b', TIMESTAMP '2022-06-09 09:15:36.987679', 'LUG', 'LSZA', 'Lugano Airport', X'0e87a0c0ec294a08925bb5282f08664c'),

(X'9155e4d4b67642ae90749e01587b9965', TIMESTAMP '2022-06-09 09:15:36.987679', 'SIR', 'LSGS', 'Sion Airport', X'0e87a0c0ec294a08925bb5282f08664c'),

(X'e1c55328ae884e7ab41bf86f3c72700a', TIMESTAMP '2022-06-09 09:15:36.987679', 'ACH', 'LSZR', 'St. Gallen-Altenrhein Airport', X'0e87a0c0ec294a08925bb5282f08664c'),

(X'bfa98961996942429f8c523c3849f3b9', TIMESTAMP '2022-06-09 09:15:36.987679', 'SMV', 'LSZS', 'Samedan Airport', X'0e87a0c0ec294a08925bb5282f08664c'),

(X'e9677d7b41cc457da1d88554d96816e3', TIMESTAMP '2022-06-09 09:15:36.988676', 'BXO', 'LSZC', 'Buochs Airport', X'0e87a0c0ec294a08925bb5282f08664c'),

(X'46b81f27fa774cb9916f76276d3f3260', TIMESTAMP '2022-06-09 09:15:36.988676', 'ZHV', 'LSGC', 'Les Eplatures', X'0e87a0c0ec294a08925bb5282f08664c'),

(X'fe16e263a2544883bec871dc5b921c40', TIMESTAMP '2022-06-09 09:15:36.988676', 'QNC', 'LSGN', 'Neuchatel', X'0e87a0c0ec294a08925bb5282f08664c'),

(X'7c78ef4c6b714d34b685798f9816d8af', TIMESTAMP '2022-06-09 09:15:36.988676', 'ZHI', 'LSZG', 'Grenchen', X'0e87a0c0ec294a08925bb5282f08664c'),

(X'2cce67eff6d44e09b180da1af799e987', TIMESTAMP '2022-06-09 09:15:36.988676', 'QLS', 'LSGL', 'Lausanne', X'0e87a0c0ec294a08925bb5282f08664c'),

(X'369926b46c974026aefe79e755a32083', TIMESTAMP '2022-06-09 09:15:36.988676', 'ZLJ', 'LSGY', 'Yverdon Airfield', X'0e87a0c0ec294a08925bb5282f08664c'),

(X'1aaf31b2935b4a0e95612b1219d18a67', TIMESTAMP '2022-06-09 09:15:36.988676', 'EML', 'LSME', 'Emmen Air Base', X'0e87a0c0ec294a08925bb5282f08664c'),

(X'7630d4374636412e80daa0a261a07dc7', TIMESTAMP '2022-06-09 09:15:36.988676', 'ZJI', 'LSZL', 'Locarno Airport', X'0e87a0c0ec294a08925bb5282f08664c'),

(X'5926788954e94d83bf7a05da33c3de93', TIMESTAMP '2022-06-09 09:15:36.990678', 'ZKH', 'LSXM', 'St Moritz-Bad Heliport', X'0e87a0c0ec294a08925bb5282f08664c'),

(X'ea3a6cc4a2744e14b57d821c4e22cdcf', TIMESTAMP '2022-06-09 09:17:30.789302', 'JKG', 'ESGJ', 'Joenkoeping Airport', X'f6e93f9247ad4d23aa9979da5161d761'),

(X'af5fac5dd2354d9fb6b700c767ac0d2c', TIMESTAMP '2022-06-09 09:17:30.789302', 'NRK', 'ESSP', 'Norrkoeping Airport', X'f6e93f9247ad4d23aa9979da5161d761'),

(X'b278d35ef3e84392be9f1c4e4b5b9bb9', TIMESTAMP '2022-06-09 09:17:30.789302', 'ARN', 'ESSA', 'Stockholm Arlanda Airport', X'f6e93f9247ad4d23aa9979da5161d761'),

(X'ad1a1c7d4b0d44f098c1defea2bd0af3', TIMESTAMP '2022-06-09 09:17:30.790314', 'VST', 'ESOW', 'Stockholm-Vaesteras Airport', X'f6e93f9247ad4d23aa9979da5161d761'),

(X'98f82a320f59489cabbc3c8d4de47505', TIMESTAMP '2022-06-09 09:17:30.790314', 'GOT', 'ESGG', 'Gothenburg-Landvetter Airport', X'f6e93f9247ad4d23aa9979da5161d761'),

(X'73eb4d93b54f4691b8fd4a569ac52836', TIMESTAMP '2022-06-09 09:17:30.790314', 'KLR', 'ESMQ', 'Kalmar OEland Airport', X'f6e93f9247ad4d23aa9979da5161d761'),

(X'f30dc937057c4e97b3d580ca192a80b7', TIMESTAMP '2022-06-09 09:17:30.790314', 'ORB', 'ESOE', 'OErebro Airport', X'f6e93f9247ad4d23aa9979da5161d761'),

(X'a25a8bf687844fed8f92be8925f9a894', TIMESTAMP '2022-06-09 09:17:30.790314', 'SFT', 'ESNS', 'Skelleftea Airport', X'f6e93f9247ad4d23aa9979da5161d761'),

(X'80e514f3c8d84487b6775ea100cec6dd', TIMESTAMP '2022-06-09 09:17:30.790314', 'MMX', 'ESMS', 'Malmoe Airport', X'f6e93f9247ad4d23aa9979da5161d761'),

(X'8d50490d41dc4cf18ea2085e70cf75fa', TIMESTAMP '2022-06-09 09:17:30.790314', 'BMA', 'ESSB', 'Stockholm-Bromma Airport', X'f6e93f9247ad4d23aa9979da5161d761'),

(X'bbf83e098ab1400cbee2eeb78292c660', TIMESTAMP '2022-06-09 09:17:30.790314', 'NYO', 'ESKN', 'Stockholm Skavsta Airport', X'f6e93f9247ad4d23aa9979da5161d761'),

(X'2e3f4cacf8f94ed29887ad3432c50464', TIMESTAMP '2022-06-09 09:17:30.791278', 'HAD', 'ESMT', 'Halmstad Airport', X'f6e93f9247ad4d23aa9979da5161d761'),

(X'9f66f44de482497291751e0f4d0d52a3', TIMESTAMP '2022-06-09 09:17:30.791278', 'KSD', 'ESOK', 'Karlstad Airport', X'f6e93f9247ad4d23aa9979da5161d761'),

(X'6c1bc5cfa0ab43bb9376ee8809b06b9d', TIMESTAMP '2022-06-09 09:17:30.791278', 'SDL', 'ESNN', 'Sundsvall-Timra Airport', X'f6e93f9247ad4d23aa9979da5161d761'),

(X'1cc86fc532994d3a91ab453879f9410a', TIMESTAMP '2022-06-09 09:17:30.791278', 'AGH', 'ESTA', 'AEngelholm-Helsingborg Airport', X'f6e93f9247ad4d23aa9979da5161d761'),

(X'47755f1d18b24d7aa514e8fd440c40e6', TIMESTAMP '2022-06-09 09:17:30.792323', 'AJR', 'ESNX', 'Arvidsjaur Airport', X'f6e93f9247ad4d23aa9979da5161d761'),

(X'1434b963a96f45afb5afdf86247e9bc4', TIMESTAMP '2022-06-09 09:17:30.793281', 'KRN', 'ESNQ', 'Kiruna Airport', X'f6e93f9247ad4d23aa9979da5161d761'),

(X'f233d164a2804cf7b411b95db19ba7f0', TIMESTAMP '2022-06-09 09:17:30.793281', 'LLA', 'ESPA', 'Lulea Airport', X'f6e93f9247ad4d23aa9979da5161d761'),

(X'ae2fd34ea6b948969358df15bdeaa1f4', TIMESTAMP '2022-06-09 09:17:30.793281', 'RNB', 'ESDF', 'Ronneby Airport', X'f6e93f9247ad4d23aa9979da5161d761'),

(X'd8f4cb49d25d4c55a1f17d20e403af25', TIMESTAMP '2022-06-09 09:17:30.793281', 'UME', 'ESNU', 'Umea Airport', X'f6e93f9247ad4d23aa9979da5161d761'),

(X'e82d64cebe9c45818105fabc6148d4c9', TIMESTAMP '2022-06-09 09:17:30.793281', 'VBY', 'ESSV', 'Visby Airport', X'f6e93f9247ad4d23aa9979da5161d761'),

(X'e818d2be88ae4880a85f7ef98b665883', TIMESTAMP '2022-06-09 09:17:30.793281', 'KRF', 'ESNK', 'Hoega Kusten Airport', X'f6e93f9247ad4d23aa9979da5161d761'),

(X'b61742307c4442ba99547548cd45837e', TIMESTAMP '2022-06-09 09:17:30.793281', 'KID', 'ESMK', 'Kristianstad Airport', X'f6e93f9247ad4d23aa9979da5161d761'),

(X'9df192f533e142038f42b3624319aca3', TIMESTAMP '2022-06-09 09:17:30.794301', 'LPI', 'ESSL', 'Linkoeping City Airport', X'f6e93f9247ad4d23aa9979da5161d761'),

(X'7ca95cd1f86842eb8b94f67dcf0a67c1', TIMESTAMP '2022-06-09 09:17:30.794301', 'BLE', 'ESSD', 'Dala Airport', X'f6e93f9247ad4d23aa9979da5161d761'),

(X'169fa98a098a40f7be9f7fa2b0de1c35', TIMESTAMP '2022-06-09 09:17:30.794301', 'THN', 'ESGT', 'Trollhaettan-Vaenersborg Airport', X'f6e93f9247ad4d23aa9979da5161d761'),

(X'2a7a122365904a268efb4bedfa93525f', TIMESTAMP '2022-06-09 09:17:30.794301', 'GSE', 'ESGP', 'Gothenburg City Airport', X'f6e93f9247ad4d23aa9979da5161d761'),

(X'280dbb0d879a4c9fad536684ca4d9542', TIMESTAMP '2022-06-09 09:17:30.794301', 'TYF', 'ESST', 'Torsby Airport', X'f6e93f9247ad4d23aa9979da5161d761'),

(X'b179f59ad5c24f53832411c89e375ed1', TIMESTAMP '2022-06-09 09:17:30.794301', 'OSD', 'ESNZ', 'Are OEstersund Airport', X'f6e93f9247ad4d23aa9979da5161d761'),

(X'cfa406a566a74cc48c4970e87790f4b0', TIMESTAMP '2022-06-09 09:17:30.795278', 'HFS', 'ESOH', 'Hagfors Airport', X'f6e93f9247ad4d23aa9979da5161d761'),

(X'787bb8dd4a1d41caaae3666b325b8057', TIMESTAMP '2022-06-09 09:17:30.795278', 'LDK', 'ESGL', 'Lidkoeping-Hovby Airport', X'f6e93f9247ad4d23aa9979da5161d761'),

(X'655055fe9f674a958e6d800ad8f8db0d', TIMESTAMP '2022-06-09 09:17:30.795278', 'SCR', 'ESKS', 'Scandinavian Mountains Airport', X'f6e93f9247ad4d23aa9979da5161d761'),

(X'7f01b5b32aa041f3ada38ae45c1816bd', TIMESTAMP '2022-06-09 09:17:30.795278', 'EKT', 'ESSU', 'Eskilstuna Airport', X'f6e93f9247ad4d23aa9979da5161d761'),

(X'5324bebf38f94530ac694627721b6da2', TIMESTAMP '2022-06-09 09:17:30.796281', 'GEV', 'ESNG', 'Gaellivare Airport', X'f6e93f9247ad4d23aa9979da5161d761'),

(X'1ebb995f3609443fb1e60873d0438ef3', TIMESTAMP '2022-06-09 09:17:30.796281', 'GVX', 'ESSK', 'Gavle-Sandviken Airport', X'f6e93f9247ad4d23aa9979da5161d761'),

(X'471bd8907c814605a376656ee9383587', TIMESTAMP '2022-06-09 09:17:30.796281', 'HMV', 'ESUT', 'Hemavan Airport', X'f6e93f9247ad4d23aa9979da5161d761'),

(X'c136bcc40a6e4cf1acaab809f8a0a694', TIMESTAMP '2022-06-09 09:17:30.796281', 'HLF', 'ESSF', 'Hultsfred Airport', X'f6e93f9247ad4d23aa9979da5161d761'),

(X'23111a74c36742fd80148d9bd7602e86', TIMESTAMP '2022-06-09 09:17:30.796281', 'LYC', 'ESNL', 'Lycksele Airport', X'f6e93f9247ad4d23aa9979da5161d761'),

(X'87d5b60285424faa86b9ee98a8759a45', TIMESTAMP '2022-06-09 09:17:30.796281', 'MXX', 'ESKM', 'Mora Airport', X'f6e93f9247ad4d23aa9979da5161d761'),

(X'11c6bfef27974d968a587b2d9d79ae46', TIMESTAMP '2022-06-09 09:17:30.796281', 'OER', 'ESNO', 'OErnskoeldsvik Airport', X'f6e93f9247ad4d23aa9979da5161d761'),

(X'bedc158722f54e1bb5a5519ccaa548fc', TIMESTAMP '2022-06-09 09:17:30.797277', 'OSK', 'ESMO', 'Oskarshamn Airport', X'f6e93f9247ad4d23aa9979da5161d761'),

(X'e4f20ef4a33c487cace0ca6b051a4e06', TIMESTAMP '2022-06-09 09:17:30.797277', 'PJA', 'ESUP', 'Pajala Airport', X'f6e93f9247ad4d23aa9979da5161d761'),

(X'1f1cc799072e4cea945e37c0878deb16', TIMESTAMP '2022-06-09 09:17:30.797277', 'SQO', 'ESUD', 'Storuman Airport', X'f6e93f9247ad4d23aa9979da5161d761'),

(X'4611e9aeca294cd7aec4513ca7e37638', TIMESTAMP '2022-06-09 09:17:30.797277', 'EVG', 'ESND', 'Sveg Airport', X'f6e93f9247ad4d23aa9979da5161d761'),

(X'facbf339a21f43c2ba3920b48cd3bd16', TIMESTAMP '2022-06-09 09:17:30.797277', 'VXO', 'ESMX', 'Vaexjoe Smaland Airport', X'f6e93f9247ad4d23aa9979da5161d761'),

(X'f852bece9aca4cc1b6b05aa95003fe97', TIMESTAMP '2022-06-09 09:17:30.797277', 'VHM', 'ESNV', 'Vilhelmina Airport', X'f6e93f9247ad4d23aa9979da5161d761'),

(X'25fd1774ceb7452f9692fd95d3e2fd45', TIMESTAMP '2022-06-09 09:17:30.797277', 'KVB', 'ESGR', 'Skoevde Airport', X'f6e93f9247ad4d23aa9979da5161d761'),

(X'a6e2f9bcfbd64379bb8efcbe99412366', TIMESTAMP '2022-06-09 09:17:30.79829', 'IDB', 'ESUE', 'Idre Airport', X'f6e93f9247ad4d23aa9979da5161d761'),

(X'47905ffe656e42b2a9fcd114e456d08e', TIMESTAMP '2022-06-09 09:17:30.79829', 'KSK', 'ESKK', 'Karlskoga Airport', X'f6e93f9247ad4d23aa9979da5161d761'),

(X'698810700d3143ab8fc48d3dd61fe319', TIMESTAMP '2022-06-09 09:17:30.79829', 'XXK', 'ESVK', 'Katrineholm', X'f6e93f9247ad4d23aa9979da5161d761'),

(X'd9738a3827c640ddbb7a74027e1ed68c', TIMESTAMP '2022-06-09 09:17:30.79829', 'XGC', 'ESEM', 'Lund Hospital Heliport', X'f6e93f9247ad4d23aa9979da5161d761'),

(X'5e79f7de46904244bf04569263fa3542', TIMESTAMP '2022-06-09 09:17:30.79829', 'FUP', 'ESIB', 'Satenas', X'f6e93f9247ad4d23aa9979da5161d761'),

(X'7663d3e91e11449c8b7d7c0aca94260d', TIMESTAMP '2022-06-09 09:17:30.79829', 'SOO', 'ESNY', 'Soderhamn Airport', X'f6e93f9247ad4d23aa9979da5161d761'),

(X'e676917b12204dcea4fcda6c0fc15df9', TIMESTAMP '2022-06-09 09:17:30.79829', 'VVK', 'ESSW', 'Vaestervik flygplats', X'f6e93f9247ad4d23aa9979da5161d761');


INSERT INTO "PUBLIC"."AIRLINE" VALUES

(X'fc2e0d6813524dc98224b585cf3a257b', TIMESTAMP '2022-06-09 11:36:48.077287', 'Emirates Airline'),

(X'f8a3e28c5f3a48bb83320ef3e4a551d8', TIMESTAMP '2022-06-09 11:36:48.130882', 'Qatar Airways'),

(X'492f41885edc48f09f8bfa785d4f327f', TIMESTAMP '2022-06-09 11:36:48.132884', 'Pegasus'),

(X'39dedf02c7654820815e3f48c51979a7', TIMESTAMP '2022-06-09 11:36:48.133878', 'Turkish Airline'),

(X'd683f60b936b4cd5a92e4d088b16bdb4', TIMESTAMP '2022-06-09 11:36:48.134878', 'Anadolu Jet'),

(X'45ff9eee158549e3951b92d8b6e11ab6', TIMESTAMP '2022-06-09 11:36:48.135894', 'SunExpress');



INSERT INTO "PUBLIC"."AIRCRAFT" VALUES

(X'a881e3845b61471fb098b9ba01189a79', '318', 'A318', 'Airbus A318', X'fc2e0d6813524dc98224b585cf3a257b'),

(X'3978dfccb5e14355849af6366f429a6f', '319', 'A319', 'Airbus A319', X'fc2e0d6813524dc98224b585cf3a257b'),

(X'6adceb96a376425595505fe6019328aa', '7M7', 'B37M', 'Boeing 737 MAX 7', X'fc2e0d6813524dc98224b585cf3a257b'),

(X'7b6de606a65e42e6b235b4e75e2274a2', '736', 'B736', 'Boeing 737-600', X'fc2e0d6813524dc98224b585cf3a257b'),

(X'ac61094d75114cdc8c14863027d4ea12', '738', 'B738', 'Boeing 737-800', X'fc2e0d6813524dc98224b585cf3a257b'),

(X'c95e643efbcf4377b6235bf88ab956e1', '781', 'B78X', 'Boeing 787-10', X'fc2e0d6813524dc98224b585cf3a257b'),

(X'7fc44b863574496696e9d045129caa23', '318', 'A318', 'Airbus A318', X'f8a3e28c5f3a48bb83320ef3e4a551d8'),

(X'c4f82e863bda4a2c86e2f70a7cac5932', '319', 'A319', 'Airbus A319', X'f8a3e28c5f3a48bb83320ef3e4a551d8'),

(X'fa9543adb17c4c85af548bfae6b7db05', '7M7', 'B37M', 'Boeing 737 MAX 7', X'f8a3e28c5f3a48bb83320ef3e4a551d8'),

(X'343aaff0baff4987afc9ebefa54c7d26', '736', 'B736', 'Boeing 737-600', X'f8a3e28c5f3a48bb83320ef3e4a551d8'),

(X'fa3c8c0c2cf24e24b72156812184b4ab', '738', 'B738', 'Boeing 737-800', X'f8a3e28c5f3a48bb83320ef3e4a551d8'),

(X'4da505ebbb7a4ba9a4ceb9b48e1e0a3d', '781', 'B78X', 'Boeing 787-10', X'f8a3e28c5f3a48bb83320ef3e4a551d8'),

(X'2d26a041652c450b92aac60c03a7e1b8', '318', 'A318', 'Airbus A318', X'492f41885edc48f09f8bfa785d4f327f'),

(X'7912b92759574fe4879905c92d0839ba', '319', 'A319', 'Airbus A319', X'492f41885edc48f09f8bfa785d4f327f'),

(X'27579499eebf4bceaafeee8e3639dd2f', '7M7', 'B37M', 'Boeing 737 MAX 7', X'492f41885edc48f09f8bfa785d4f327f'),

(X'4f67110c9791405890b4bc551e165246', '736', 'B736', 'Boeing 737-600', X'39dedf02c7654820815e3f48c51979a7'),

(X'556fd9dc064a4d07ba7fb249e22a012b', '738', 'B738', 'Boeing 737-800', X'39dedf02c7654820815e3f48c51979a7'),

(X'1bb4a44eab4b46f39988d1a4dffc629a', '781', 'B78X', 'Boeing 787-10', X'd683f60b936b4cd5a92e4d088b16bdb4'),

(X'f219d584d7a743d3ae954268ef10b013', '318', 'A318', 'Airbus A318', X'fc2e0d6813524dc98224b585cf3a257b'),

(X'cf32c2666699411696e7b9f09c166b46', '319', 'A319', 'Airbus A319', X'45ff9eee158549e3951b92d8b6e11ab6'),

(X'ccc3e469cef7492683decc1978561ca4', '7M7', 'B37M', 'Boeing 737 MAX 7', X'45ff9eee158549e3951b92d8b6e11ab6'),

(X'fb2ef160a1e641fa94931ffa7cfc95ae', '736', 'B736', 'Boeing 737-600', X'45ff9eee158549e3951b92d8b6e11ab6');
